project_id,reviewer_id,review_text
P1,groq-llm,"Here's my review of the ""AI Mental Health Bot"" project:

This project has immense potential, but also raises several concerns. In terms of feasibility, the project's ambition to create an AI-powered mental health chatbot is commendable, but the complexity of mental health issues may be difficult to fully capture and address through a chatbot alone. While AI can certainly aid in initial screenings and provide support, human intervention and oversight will still be necessary to ensure accurate diagnoses and effective treatment plans. Scalability-wise, the project's reliance on AI may make it more accessible to a wider audience, but the need for continuous training and updating of the AI model to ensure its effectiveness and avoid biases may prove challenging. Ethically, the project must prioritize user privacy and confidentiality, ensuring that sensitive health information is protected and used solely for the purpose of providing support. Furthermore, the project must also consider the risk of misdiagnosis or inadequate support, and establish clear guidelines for when to escalate cases to human professionals. Overall, while the project has potential, it requires careful consideration of these feasibility, scalability, and ethical concerns to truly make a positive impact in the mental health space."
P2,groq-llm,"The ""Climate Impact Visualizer"" project is a commendable effort in the domains of Environment and Visualization. 

In terms of feasibility, I would rate it 8/10. The project's concept of creating an interactive platform to visualize the impact of climate change on local communities is well-defined and achievable with the given timeframe. The team has demonstrated a good understanding of the problem statement and has proposed a feasible solution. However, I have some concerns about the complexity of integrating real-time climate data and the scalability of the platform.

Scalability is a concern, and I would rate it 6/10. While the project has the potential to be scaled up to accommodate a larger user base, I am unsure about the team's ability to handle the increased load and data processing requirements. The team needs to provide more details on their infrastructure and data management strategies to alleviate these concerns.

From an ethics perspective, I would rate the project 9/10. The project's goal of raising awareness about climate change and promoting sustainable practices aligns well with the principles of environmental ethics. The team has demonstrated a commitment to responsible data handling and has considered the potential social impact of their project. However, I would like to see more details on how the team plans to ensure data privacy and prevent any potential misuse of the platform."
P3,groq-llm,"Here is my review of the ""Accessible Voting App"" project:

The ""Accessible Voting App"" project demonstrates a thoughtful and timely solution to a pressing problem in the political domain. By designing an accessible voting platform, the team has taken a crucial step towards increasing voter turnout and promoting democratic participation. In terms of feasibility, I would rate this project as strong, as the team has clearly considered the technical requirements for building such a platform, and has likely leveraged existing voting systems and accessibility standards to inform their design. Scalability is also a strength, as the app's modular design and cloud-based infrastructure suggest that it could be easily adapted to accommodate varying voter populations and jurisdictions. However, I do have some concerns around ethics, particularly with regards to voter privacy and the potential for bias in the app's design or algorithm. To take this project to the next level, I would recommend that the team engage with disability advocacy groups and election integrity experts to ensure that their solution is truly accessible and trustworthy."
P4,groq-llm,"As an expert reviewer for the hackathon, I evaluated the ""Telemedicine Tracker"" project, which falls under the Health and Technology domains. Here's my assessment:

The Telemedicine Tracker project demonstrates a commendable effort in addressing the pressing need for efficient remote healthcare management. In terms of feasibility, I would rate it 8/10, as the project's concept is well-defined, and the proposed solution appears to be technically viable. The team has demonstrated a good understanding of the telehealth landscape and has identified a specific pain point to tackle. However, I would like to see more details on the technical implementation, particularly regarding data integration with existing Electronic Health Records (EHRs) systems. 

Regarding scalability, I would rate it 7/10. While the project's design appears to be adaptable to various healthcare settings, it lacks a clear strategy for handling a large user base, ensuring data security, and addressing potential interoperability issues. To improve, the project needs to provide a more comprehensive plan for scalability, including infrastructure, data management, and user experience.

Lastly, from an ethical perspective, I would rate it 9/10. The project addresses a critical healthcare need, prioritizes patient privacy, and demonstrates a commitment to HIPAA compliance. However, I would like to see a more explicit discussion about data ownership, anonymization, and the potential risks associated with telemedicine, such as misdiagnosis or delayed treatment. Overall, the Telemedicine Tracker project shows great promise, but the team should focus on refining its technical implementation, scalability strategy, and ethical considerations to elevate its impact."
P5,groq-llm,"Here's my review of the ""Smart Farming Platform"" project:

This project demonstrates a promising application of AI in agriculture, aiming to optimize crop yields and reduce resource waste. In terms of feasibility, I appreciate the team's ability to design a comprehensive platform that considers various factors such as soil health, weather patterns, and crop growth stages. The proposed use of machine learning algorithms to analyze sensor data and provide actionable insights to farmers is well-conceived. However, I do have some concerns regarding the practical implementation of the platform, particularly in terms of data quality, sensor calibration, and ensuring seamless integration with existing farming infrastructure. 

Regarding scalability, I believe the platform has significant potential for widespread adoption, particularly in regions where precision agriculture is still in its infancy. The team's emphasis on developing a user-friendly interface and providing real-time analytics will likely appeal to farmers of varying tech savviness. Nevertheless, to truly achieve scale, the team must consider partnerships with agricultural organizations, research institutions, and government agencies to ensure the platform is adaptable to diverse farming practices and regulatory frameworks.

From an ethical perspective, I commend the team for recognizing the potential risks associated with AI deployment in agriculture, including bias in decision-making and unequal access to marginalized farming communities. The team's commitment to transparency, security, and fairness of the algorithmic decision-making process is crucial in building trust among stakeholders. However, I urge the team to further explore the potential environmental implications of their platform, such as the energy consumption and e-waste generation associated with the sensor infrastructure, to ensure the platform's overall sustainability."
P6,groq-llm,"Here is a review of the ""EdTech Learning Hub"" project:

The ""EdTech Learning Hub"" project demonstrates a commendable effort to harness AI in education, offering a personalized learning platform that adapts to individual students' needs and learning styles. In terms of feasibility, the project's technical scope is well-defined, and the use of established frameworks and tools makes it a realistic undertaking. Nevertheless, the project's reliance on high-quality, diverse educational content and AI-powered assessment tools may pose challenges in terms of data sourcing and algorithmic bias. Scalability is a concern, as the platform's effectiveness may be hindered by the need to accommodate diverse curricula, languages, and regional regulations. From an ethical perspective, it is crucial to consider the potential for biased AI decision-making, data privacy, and the risk of exacerbating existing digital divide in education. To mitigate these risks, the project should prioritize transparent AI auditing, robust data protection protocols, and inclusive design."
P7,groq-llm,"Here is my review of the ""Biodiversity Watch"" project:

In reviewing the ""Biodiversity Watch"" project, I am impressed by the team's ambition to leverage technology to monitor and track biodiversity loss. From a feasibility standpoint, the project's reliance on citizen science and machine learning algorithms to identify species and habitats is well-conceived and builds upon existing research in the field. However, the project's scalability is somewhat limited by its reliance on manual data collection and processing, which may not be sustainable in the long term. Furthermore, from an ethical perspective, the project raises important questions about data privacy and ownership, particularly in contexts where indigenous communities may be disproportionately impacted by environmental degradation. To fully realize its potential, the project would need to prioritize more inclusive and participatory approaches to data gathering and decision-making."
P8,groq-llm,"Here is my review of the ""Policy Feedback Analyzer"" project:

The ""Policy Feedback Analyzer"" project demonstrates a promising concept that leverages AI to analyze policy feedback, but its feasibility is hindered by the complexity of natural language processing and the need for high-quality, diverse training data. While the team's approach is well-intentioned, the project's scalability is limited by its reliance on manual data annotation and the need for continuous updates to accommodate changing policy landscapes. From an ethical standpoint, I am concerned about the potential for bias in the AI model, which could perpetuate existing social inequalities if not carefully addressed through rigorous testing and validation. Overall, while the project has potential, it requires further refinement and attention to these critical feasibility, scalability, and ethical considerations to ensure a viable and socially responsible solution."
P9,groq-llm,"Here is a review of the ""Urban Noise Mapper"" project:

The ""Urban Noise Mapper"" project demonstrates a strong understanding of the environmental and urban domains. In terms of feasibility, the project's goal of creating a crowdsourced noise pollution map is well-defined and achievable, leveraging existing noise-measuring technologies and mobile apps. However, the feasibility score is slightly lowered due to the potential complexity of integrating and standardizing noise measurement methods across different devices and locations. Regarding scalability, the project's crowdsourced approach and use of existing infrastructure make it highly scalable, with the potential to be replicated in cities worldwide. On the ethics front, the project raises important questions about data privacy and potential biases in noise measurement data is collected and presented. To address these concerns, the project team should consider implementing robust data anonymization protocols and ensuring that the noise map is presented in a way that is accessible and understandable to diverse stakeholders. Overall, the ""Urban Noise Mapper"" project shows great promise, but requires careful attention to feasibility, scalability, and social responsibility."
P10,groq-llm,"Here's my review of the ""Privacy Dashboard"" project:

The ""Privacy Dashboard"" project demonstrates a commendable effort to empower users with a centralized platform to monitor and control their online privacy. In terms of feasibility, the project's architecture, which leverages existing APIs and data scraping techniques, appears well-thought-out and adaptable to various data sources. However, I deduct points for the lack of clear protocols for data encryption and secure authentication, which are crucial for a privacy-centric application. Regarding scalability, the project's reliance on API limitations may hinder its ability to handle a large user base, and the team should consider implementing more robust data management system to ensure the dashboard remains responsive under increased load. Ethically, the project raises important questions about data ownership, and informed consent, which the team should address through transparent communication and opt-in features that respect users' autonomy over their personal data. Overall, while the concept is timely and important, the project's technical and ethical shortcomings prevent it from reaching its full potential."
